COD_CLIENTE,DATA_PRIMEIRA_COMPRA
1061626,2025-01-05
20513668,2025-03-17
31773997,2025-01-18
32037393,2025-03-18
32059745,2025-01-07
32518609,2025-01-29
32575499,2025-01-03
32598956,2025-03-09
32773099,2025-01-27
33078090,2025-01-26
33126547,2025-04-07
33140429,2025-01-16
33261485,2025-01-09
35998226,2025-03-30
36003229,2025-03-29
36011826,2025-03-29
36035098,2025-03-30
36041483,2025-03-30
36044764,2025-03-30
36069917,2025-03-31
36076156,2025-04-03
36080718,2025-04-05
36085782,2025-04-01
36091446,2025-04-01
36110246,2025-04-02
36111820,2025-04-02
36116439,2025-04-02
36122779,2025-04-12
36124181,2025-04-02
36131602,2025-04-02
36134300,2025-04-03
36134509,2025-04-03
36158508,2025-04-07
36161527,2025-04-03
36163039,2025-04-03
36168339,2025-04-04
36168491,2025-04-08
36172112,2025-04-04
36173377,2025-04-04
36183948,2025-04-05
36192476,2025-04-05
36202031,2025-04-05
36208747,2025-04-05
36209404,2025-04-05
36215183,2025-04-05
36216743,2025-04-06
36241020,2025-04-06
36255951,2025-04-08
36259590,2025-04-07
36260463,2025-04-07
36265320,2025-04-07
36266943,2025-04-07
36268650,2025-04-16
36284632,2025-04-07
36286931,2025-04-26
36307829,2025-04-10
36348181,2025-04-09
36375441,2025-04-09
36392410,2025-04-09
36393689,2025-04-09
36418136,2025-04-10
36430872,2025-04-10
36431168,2025-04-10
36443371,2025-04-11
36457776,2025-04-11
36459252,2025-04-18
36467863,2025-04-11
36472181,2025-04-11
36501139,2025-04-12
36520194,2025-04-13
36522073,2025-04-13
36528993,2025-04-13
36537956,2025-04-13
36539099,2025-04-14
36542319,2025-04-14
36549290,2025-04-14
36559148,2025-04-14
36566131,2025-04-15
36567583,2025-04-17
36580782,2025-04-16
36581856,2025-04-16
36584658,2025-04-16
36589157,2025-04-23
36595114,2025-04-16
36596620,2025-04-25
36598101,2025-04-17
36599480,2025-04-17
36599550,2025-04-17
36609430,2025-04-17
36609978,2025-04-22
36618910,2025-04-18
36629245,2025-04-20
36634274,2025-04-19
36636796,2025-04-19
36640617,2025-04-19
36649218,2025-04-20
36650361,2025-04-21
36653682,2025-04-22
36664614,2025-04-21
36670191,2025-04-28
36671146,2025-04-21
36672338,2025-04-22
36680680,2025-04-22
36681374,2025-04-22
36688810,2025-04-24
36691115,2025-04-23
36697858,2025-04-23
36700485,2025-04-24
36704027,2025-04-24
37121707,2025-02-20
37152457,2025-01-09
37189540,2025-02-15
37216074,2025-02-04
37268933,2025-01-15
37334011,2025-02-09
37354332,2025-04-07
37354987,2025-03-19
37366333,2025-01-18
37417518,2025-01-25
37466887,2025-01-12
37473669,2025-01-29
37481760,2025-01-04
37489892,2025-04-20
37506712,2025-03-28
37519556,2025-01-06
37520005,2025-04-12
37535912,2025-01-13
37546102,2025-01-05
37573744,2025-04-09
37617101,2025-02-10
37641194,2025-02-13
37654090,2025-01-10
37701180,2025-03-11
37701300,2025-01-24
37701382,2025-04-20
37736257,2025-02-03
37755963,2025-01-14
37765069,2025-02-14
37789364,2025-03-12
37804874,2025-04-14
37811248,2025-01-11
37827215,2025-01-20
37835260,2025-01-02
37838817,2025-02-28
37857751,2025-02-09
37868092,2025-02-28
37899870,2025-04-12
37911375,2025-01-29
37922101,2025-01-14
37922485,2025-02-06
37932031,2025-01-20
37989109,2025-01-07
38002987,2025-02-04
38012790,2025-01-21
38019403,2025-04-14
38035140,2025-02-02
38036095,2025-01-08
38040297,2025-02-10
38065115,2025-01-25
38082791,2025-01-11
38095156,2025-02-27
38114028,2025-04-20
38126208,2025-01-12
38136219,2025-04-22
38136889,2025-02-12
38141919,2025-02-13
38192414,2025-01-03
38203081,2025-03-03
38209812,2025-01-07
38241376,2025-01-14
38247197,2025-01-11
38282108,2025-01-28
38305347,2025-02-02
38306783,2025-01-03
38318091,2025-01-04
38323612,2025-03-07
38329539,2025-01-05
38338319,2025-02-08
38368914,2025-01-02
38376599,2025-04-21
38399804,2025-03-15
38423622,2025-04-27
38427139,2025-03-03
38434457,2025-01-05
38448397,2025-02-03
38528944,2025-01-29
38543860,2025-01-10
38544121,2025-01-03
38549693,2025-01-23
38578582,2025-04-09
38585423,2025-02-17
38598802,2025-01-03
38600504,2025-02-28
38605140,2025-02-23
38613279,2025-01-19
38619100,2025-01-09
38637337,2025-01-08
38666606,2025-01-07
38677298,2025-01-07
38679050,2025-03-09
38686561,2025-01-11
38700487,2025-03-08
38715966,2025-04-18
38722729,2025-03-22
38728323,2025-02-21
38728618,2025-01-02
38733900,2025-03-26
38740693,2025-01-06
38766786,2025-01-13
38767404,2025-03-21
38786812,2025-01-02
38789151,2025-01-16
38826814,2025-02-22
38827309,2025-03-06
38838082,2025-01-07
38844069,2025-02-13
38881330,2025-04-12
38885240,2025-04-08
38903856,2025-03-21
38922753,2025-04-13
38927338,2025-03-06
38928474,2025-03-15
38934283,2025-01-09
38939318,2025-04-13
38946273,2025-02-12
38955351,2025-02-01
38958816,2025-02-02
38997198,2025-01-13
39005228,2025-01-13
39007511,2025-02-05
39026609,2025-03-06
39035045,2025-01-23
39036539,2025-03-23
39038819,2025-02-21
39085275,2025-01-22
39096567,2025-02-03
39102177,2025-03-15
39103862,2025-01-24
39106224,2025-03-27
39109919,2025-03-22
39110842,2025-01-07
39112671,2025-01-02
39113450,2025-01-10
39114015,2025-02-02
39114889,2025-02-05
39115798,2025-01-23
39116651,2025-01-06
39119185,2025-01-18
39120028,2025-04-04
39120344,2025-04-11
39120650,2025-02-02
39121032,2025-02-20
39121854,2025-03-12
39122824,2025-01-03
39124365,2025-01-02
39124576,2025-01-10
39125989,2025-02-27
39129877,2025-01-13
39131001,2025-03-12
39132085,2025-01-02
39137191,2025-01-17
39138363,2025-02-01
39139168,2025-02-09
39141094,2025-01-22
39141566,2025-02-08
39142594,2025-02-14
39142748,2025-01-05
39149479,2025-02-17
39149880,2025-01-02
39150878,2025-01-25
39152124,2025-01-11
39152315,2025-01-16
39154261,2025-01-21
39155690,2025-01-06
39156583,2025-02-26
39156627,2025-01-25
39156701,2025-01-16
39156765,2025-01-02
39157577,2025-01-15
39158385,2025-01-11
39158649,2025-01-09
39163086,2025-01-02
39163638,2025-01-08
39164815,2025-01-25
39165024,2025-03-17
39165507,2025-01-09
39166682,2025-01-21
39167233,2025-02-17
39175405,2025-04-17
39176225,2025-01-18
39179234,2025-03-09
39180964,2025-03-08
39181310,2025-01-31
39181379,2025-01-16
39181919,2025-04-13
39185344,2025-01-27
39185716,2025-01-25
39185885,2025-02-19
39186618,2025-01-16
39186634,2025-04-02
39187529,2025-01-19
39188781,2025-01-02
39190178,2025-01-12
39190229,2025-04-03
39190994,2025-01-17
39191468,2025-01-09
39191614,2025-01-02
39192455,2025-04-12
39195111,2025-01-26
39198138,2025-01-28
39199720,2025-01-08
39201102,2025-02-24
39201571,2025-01-10
39208346,2025-01-11
39209605,2025-02-09
39211375,2025-04-01
39211811,2025-01-23
39212080,2025-01-18
39218094,2025-02-27
39221403,2025-03-29
39223277,2025-01-07
39223651,2025-03-01
39223997,2025-01-14
39224040,2025-01-25
39224381,2025-04-11
39224669,2025-01-06
39232167,2025-02-06
39235384,2025-01-10
39236005,2025-01-31
39239090,2025-01-03
39239446,2025-04-26
39239697,2025-02-07
39239939,2025-02-08
39240261,2025-01-03
39240596,2025-01-06
39241278,2025-01-29
39244112,2025-04-04
39244927,2025-01-18
39247456,2025-01-02
39248431,2025-02-18
39249044,2025-01-20
39253491,2025-01-02
39254253,2025-01-18
39254421,2025-01-13
39257229,2025-01-31
39257232,2025-01-03
39257672,2025-02-28
39257765,2025-01-04
39258852,2025-04-27
39258876,2025-03-21
39260922,2025-03-23
39261458,2025-01-11
39261523,2025-01-10
39261922,2025-02-02
39262296,2025-01-18
39262943,2025-01-02
39265441,2025-02-05
39266810,2025-01-02
39269680,2025-03-06
39271303,2025-02-09
39271460,2025-02-23
39272352,2025-03-03
39272732,2025-02-28
39274407,2025-01-02
39276046,2025-01-04
39277116,2025-04-07
39277867,2025-02-09
39278179,2025-02-01
39280239,2025-01-23
39280791,2025-01-04
39281924,2025-03-10
39284471,2025-04-19
39286022,2025-04-28
39286591,2025-02-11
39289189,2025-01-27
39291003,2025-01-04
39291285,2025-04-24
39292826,2025-01-06
39293464,2025-02-20
39294233,2025-01-30
39295038,2025-01-26
39295251,2025-03-07
39296059,2025-03-29
39297491,2025-01-02
39297711,2025-01-18
39298234,2025-01-19
39299805,2025-02-06
39301830,2025-03-18
39302665,2025-02-20
39303084,2025-01-06
39306045,2025-01-07
39306640,2025-01-30
39306728,2025-03-27
39307983,2025-01-24
39308251,2025-01-15
39311959,2025-01-06
39313219,2025-01-13
39313653,2025-01-13
39317100,2025-03-01
39321887,2025-03-08
39322190,2025-02-25
39323738,2025-01-12
39324404,2025-01-07
39324997,2025-03-01
39326047,2025-04-16
39326333,2025-01-11
39329590,2025-01-11
39330007,2025-03-07
39332311,2025-03-11
39333715,2025-02-09
39334060,2025-01-16
39334128,2025-03-08
39334247,2025-01-15
39334326,2025-02-16
39335197,2025-01-10
39339874,2025-01-27
39341731,2025-01-03
39342384,2025-02-16
39343680,2025-03-13
39343770,2025-01-05
39344188,2025-03-14
39345822,2025-03-04
39345909,2025-03-15
39347635,2025-01-25
39348249,2025-01-02
39348684,2025-02-08
39350410,2025-02-26
39350647,2025-02-10
39350731,2025-03-20
39351005,2025-01-12
39351740,2025-01-04
39353604,2025-01-09
39354283,2025-01-06
39354600,2025-03-30
39355662,2025-01-27
39357907,2025-01-03
39358423,2025-01-08
39359427,2025-04-05
39362077,2025-04-30
39362588,2025-03-02
39366964,2025-01-19
39370527,2025-01-03
39373390,2025-02-03
39373561,2025-01-06
39375964,2025-02-04
39377180,2025-01-25
39377197,2025-01-03
39377368,2025-01-04
39380854,2025-02-08
39382842,2025-03-24
39383670,2025-01-30
39385661,2025-02-22
39386577,2025-03-08
39389074,2025-03-14
39389556,2025-03-04
39390573,2025-01-11
39392243,2025-01-10
39392324,2025-01-29
39392581,2025-01-09
39394718,2025-01-24
39394780,2025-01-12
39394882,2025-01-04
39395242,2025-04-26
39395552,2025-01-09
39395806,2025-01-11
39397708,2025-01-15
39398093,2025-01-24
39398107,2025-01-30
39398441,2025-02-12
39399117,2025-04-08
39401228,2025-01-08
39402757,2025-04-16
39402819,2025-01-04
39407089,2025-01-28
39407365,2025-01-03
39407489,2025-01-13
39408260,2025-02-07
39409046,2025-01-08
39409423,2025-02-25
39410725,2025-01-28
39410992,2025-01-05
39411619,2025-01-19
39412030,2025-01-28
39413774,2025-01-14
39416926,2025-02-18
39417766,2025-04-11
39417815,2025-01-08
39418795,2025-01-10
39420388,2025-01-13
39422285,2025-02-21
39422327,2025-01-06
39425415,2025-01-07
39426184,2025-01-07
39428435,2025-01-07
39428483,2025-02-09
39428740,2025-01-11
39429166,2025-01-25
39429714,2025-04-30
39430298,2025-03-02
39430360,2025-01-25
39431954,2025-01-06
39432775,2025-01-17
39433361,2025-03-06
39433764,2025-04-26
39434435,2025-02-07
39435400,2025-01-25
39436330,2025-01-08
39440255,2025-01-23
39440385,2025-01-17
39441475,2025-01-03
39441550,2025-01-22
39441892,2025-01-05
39442090,2025-04-27
39442677,2025-01-01
39443349,2025-01-24
39443355,2025-01-03
39443973,2025-01-08
39444565,2025-01-27
39445172,2025-01-22
39447459,2025-01-17
39447675,2025-04-11
39447696,2025-01-13
39448136,2025-01-20
39449867,2025-01-04
39451228,2025-01-18
39452379,2025-02-17
39452575,2025-02-10
39453093,2025-01-24
39453099,2025-02-21
39453311,2025-01-12
39457098,2025-01-09
39457570,2025-03-27
39458192,2025-01-29
39458677,2025-01-11
39458933,2025-01-13
39462638,2025-02-16
39464707,2025-01-12
39465473,2025-01-13
39470587,2025-03-14
39470890,2025-02-08
39471624,2025-01-09
39471715,2025-02-06
39472640,2025-01-02
39473630,2025-01-03
39474174,2025-01-20
39475232,2025-04-21
39475763,2025-02-17
39477000,2025-03-28
39478038,2025-02-13
39478311,2025-01-10
39478595,2025-02-22
39478694,2025-01-25
39481060,2025-02-02
39482412,2025-01-08
39486820,2025-01-21
39490451,2025-01-06
39491988,2025-04-24
39492325,2025-01-18
39492874,2025-01-02
39493255,2025-01-24
39494104,2025-01-07
39495301,2025-01-12
39495723,2025-03-19
39495736,2025-01-31
39496689,2025-01-23
39498404,2025-01-13
39498435,2025-01-21
39498495,2025-02-11
39500566,2025-01-08
39501419,2025-01-09
39501957,2025-01-20
39502455,2025-03-23
39502907,2025-04-11
39505592,2025-01-11
39506505,2025-01-08
39506930,2025-01-12
39506937,2025-01-02
39506979,2025-01-15
39507912,2025-01-18
39508021,2025-04-23
39508702,2025-01-11
39509645,2025-01-10
39512745,2025-01-15
39515468,2025-04-04
39516089,2025-01-07
39516966,2025-01-14
39518105,2025-01-04
39518919,2025-02-27
39519148,2025-01-05
39520164,2025-04-17
39523309,2025-02-08
39525635,2025-04-12
39526311,2025-01-09
39526822,2025-01-02
39529371,2025-01-18
39530104,2025-01-20
39530168,2025-02-02
39531121,2025-01-31
39534658,2025-01-05
39534992,2025-01-09
39536031,2025-01-17
39537627,2025-02-14
39537790,2025-04-05
39540963,2025-02-08
39541440,2025-03-11
39542560,2025-01-03
39542997,2025-01-04
39543246,2025-02-25
39545177,2025-04-14
39546359,2025-02-09
39547715,2025-01-21
39548216,2025-01-12
39548284,2025-02-25
39549955,2025-02-03
39550750,2025-01-13
39551055,2025-04-15
39552507,2025-01-10
39552722,2025-02-06
39554851,2025-04-20
39554941,2025-02-02
39556367,2025-01-19
39558080,2025-01-10
39558606,2025-04-01
39558682,2025-01-24
39559270,2025-01-14
39559859,2025-01-13
39560243,2025-02-13
39561960,2025-01-02
39563644,2025-01-03
39563917,2025-04-18
39564460,2025-01-25
39564484,2025-04-12
39564969,2025-01-20
39565324,2025-01-15
39565385,2025-01-07
39565937,2025-02-11
39566557,2025-04-22
39567107,2025-02-22
39571127,2025-01-11
39572498,2025-01-19
39572507,2025-01-22
39574677,2025-01-23
39576317,2025-02-07
39577744,2025-02-14
39579474,2025-03-26
39579728,2025-01-26
39583932,2025-01-03
39584025,2025-01-03
39584581,2025-03-25
39585517,2025-03-03
39585924,2025-01-11
39586135,2025-01-20
39586677,2025-01-20
39587678,2025-04-29
39587691,2025-01-08
39588200,2025-02-03
39588364,2025-04-01
39588469,2025-03-03
39589368,2025-01-18
39590844,2025-04-13
39591001,2025-02-18
39591638,2025-01-05
39598955,2025-02-11
39599095,2025-01-18
39601686,2025-02-28
39604017,2025-02-17
39605445,2025-01-09
39610147,2025-01-05
39610602,2025-02-23
39613074,2025-02-06
39614857,2025-01-05
39615257,2025-01-12
39615731,2025-02-15
39615922,2025-01-17
39616595,2025-01-15
39618232,2025-01-08
39620625,2025-01-07
39621324,2025-01-10
39621927,2025-01-10
39623167,2025-01-06
39623222,2025-01-03
39623568,2025-02-06
39623994,2025-02-08
39626160,2025-01-10
39627960,2025-01-02
39628261,2025-04-14
39629080,2025-01-14
39630568,2025-01-30
39630950,2025-01-20
39633451,2025-01-17
39637362,2025-02-22
39640797,2025-01-15
39641790,2025-02-05
39641924,2025-01-07
39642808,2025-04-11
39643028,2025-01-07
39643314,2025-03-28
39643739,2025-01-26
39644110,2025-01-10
39644227,2025-01-05
39646562,2025-01-23
39646974,2025-01-06
39650858,2025-01-03
39651427,2025-04-27
39651687,2025-01-23
39652316,2025-03-15
39655845,2025-01-04
39656133,2025-02-13
39657012,2025-01-12
39658885,2025-01-04
39659234,2025-02-04
39659262,2025-01-15
39660081,2025-02-07
39660428,2025-01-06
39660501,2025-01-30
39660853,2025-01-15
39661347,2025-02-08
39662180,2025-01-04
39662184,2025-03-17
39662890,2025-01-23
39666695,2025-04-26
39667701,2025-01-05
39667755,2025-01-10
39669872,2025-01-02
39669996,2025-04-01
39670134,2025-02-03
39670363,2025-01-02
39671645,2025-04-05
39671744,2025-02-20
39672714,2025-01-08
39673163,2025-01-23
39674709,2025-03-30
39676229,2025-03-13
39679158,2025-01-10
39679385,2025-01-08
39679849,2025-03-09
39680088,2025-03-18
39680601,2025-01-20
39683036,2025-01-04
39683885,2025-02-03
39685555,2025-01-03
39686871,2025-01-07
39687173,2025-02-28
39688550,2025-01-24
39689693,2025-01-30
39690076,2025-01-04
39690403,2025-01-11
39691039,2025-01-02
39691435,2025-01-24
39691623,2025-01-03
39692013,2025-01-17
39692949,2025-01-18
39695000,2025-01-12
39695211,2025-04-16
39695996,2025-02-14
39698096,2025-01-24
39699716,2025-01-10
39700065,2025-01-23
39700083,2025-03-19
39700268,2025-01-13
39702100,2025-03-20
39702834,2025-03-01
39703224,2025-02-11
39704469,2025-02-15
39704480,2025-02-10
39706168,2025-03-18
39707721,2025-01-07
39709026,2025-04-13
39709492,2025-02-08
39711979,2025-04-22
39713238,2025-01-09
39713943,2025-01-16
39717512,2025-03-09
39717809,2025-02-13
39717912,2025-01-10
39720520,2025-02-25
39725000,2025-01-02
39726025,2025-03-14
39726327,2025-01-08
39729154,2025-01-03
39729665,2025-03-04
39731846,2025-02-18
39732010,2025-02-04
39732418,2025-01-04
39732759,2025-03-06
39734977,2025-01-07
39735245,2025-02-28
39737238,2025-02-17
39739753,2025-01-10
39741839,2025-04-19
39743269,2025-01-09
39744556,2025-01-15
39747250,2025-01-13
39747635,2025-03-21
39751134,2025-02-05
39752421,2025-02-03
39753732,2025-01-02
39754542,2025-01-28
39754655,2025-01-02
39754665,2025-01-08
39754999,2025-01-19
39755117,2025-01-26
39755252,2025-04-12
39755872,2025-01-16
39757000,2025-03-01
39757470,2025-01-14
39757678,2025-01-02
39758519,2025-01-04
39760052,2025-01-17
39762186,2025-02-20
39762608,2025-01-03
39763574,2025-01-20
39763704,2025-01-21
39763852,2025-01-09
39764098,2025-02-01
39765225,2025-02-03
39765848,2025-02-01
39766210,2025-03-06
39767077,2025-01-15
39768198,2025-01-04
39768688,2025-01-13
39768866,2025-01-31
39768876,2025-01-03
39769371,2025-02-27
39769841,2025-01-21
39770882,2025-02-21
39775940,2025-01-08
39779033,2025-03-06
39779269,2025-02-08
39780123,2025-01-28
39780827,2025-03-03
39781289,2025-02-23
39782400,2025-04-23
39784471,2025-01-21
39784914,2025-01-18
39786036,2025-02-25
39790303,2025-01-06
39790643,2025-01-17
39792272,2025-03-05
39795370,2025-01-23
39796456,2025-02-06
39798906,2025-02-08
39799172,2025-02-03
39799994,2025-02-01
39800090,2025-01-18
39801279,2025-03-15
39802010,2025-01-13
39802663,2025-01-15
39805630,2025-02-06
39808116,2025-03-12
39808359,2025-04-14
39808430,2025-01-03
39808492,2025-03-26
39808728,2025-01-13
39811353,2025-04-14
39812845,2025-03-14
39813572,2025-02-14
39814201,2025-01-13
39814932,2025-02-16
39815821,2025-01-07
39818256,2025-03-09
39819222,2025-01-02
39819563,2025-01-02
39819855,2025-01-22
39824360,2025-01-01
39824661,2025-01-06
39828455,2025-01-17
39828691,2025-04-19
39836309,2025-01-05
39839326,2025-04-19
39839823,2025-01-26
39841153,2025-01-14
39842405,2025-01-29
39843615,2025-01-03
39846187,2025-01-05
39848344,2025-01-27
39851381,2025-02-17
39853324,2025-04-21
39854087,2025-04-06
39854431,2025-01-07
39856117,2025-02-01
39857371,2025-01-13
39857625,2025-01-22
39858264,2025-02-01
39858536,2025-01-03
39862981,2025-03-16
39863787,2025-01-12
39864063,2025-01-07
39866358,2025-01-25
39866834,2025-01-13
39867166,2025-04-12
39867351,2025-04-04
39867453,2025-01-15
39869724,2025-03-15
39871859,2025-01-06
39873639,2025-03-28
39877772,2025-02-11
39879177,2025-02-10
39880793,2025-01-04
39881113,2025-01-04
39881584,2025-02-07
39883051,2025-01-16
39885006,2025-01-20
39885393,2025-01-03
39887220,2025-01-09
39887483,2025-01-13
39888411,2025-04-09
39889709,2025-01-08
39889900,2025-01-27
39890038,2025-03-15
39890561,2025-02-11
39891336,2025-04-06
39894282,2025-02-01
39898318,2025-01-08
39899301,2025-02-11
39900034,2025-01-26
39900727,2025-01-11
39902632,2025-01-10
39903203,2025-02-10
39903974,2025-01-20
39905442,2025-01-11
39906265,2025-03-01
39908547,2025-01-12
39910630,2025-04-05
39910857,2025-01-21
39912791,2025-03-11
39914749,2025-01-20
39915766,2025-03-14
39915799,2025-02-18
39918304,2025-02-04
39918652,2025-04-04
39918673,2025-01-11
39918738,2025-01-02
39919351,2025-01-17
39919842,2025-03-09
39923878,2025-02-01
39924271,2025-02-22
39925248,2025-01-04
39925720,2025-01-04
39928829,2025-03-24
39930599,2025-01-03
39934136,2025-01-07
39934173,2025-02-04
39935858,2025-01-14
39938571,2025-03-11
39939488,2025-02-22
39940481,2025-04-01
39941376,2025-04-29
39943861,2025-01-21
39944087,2025-01-24
39945232,2025-01-02
39946652,2025-03-16
39946679,2025-01-21
39947105,2025-01-20
39947191,2025-02-09
39947368,2025-02-04
39948510,2025-01-13
39949452,2025-01-02
39950136,2025-03-20
39951415,2025-01-11
39953344,2025-02-21
39953463,2025-01-18
39955089,2025-04-12
39955094,2025-01-21
39958384,2025-03-26
39960402,2025-02-27
39960759,2025-01-12
39961566,2025-03-21
39962234,2025-01-29
39962893,2025-02-06
39962915,2025-01-18
39963143,2025-01-25
39963540,2025-02-09
39963672,2025-03-15
39964520,2025-01-12
39964733,2025-02-25
39965056,2025-01-02
39965172,2025-02-13
39966198,2025-04-07
39967762,2025-04-25
39968584,2025-01-08
39969488,2025-04-24
39970694,2025-01-23
39971774,2025-01-20
39972534,2025-01-21
39975630,2025-02-07
39976774,2025-01-14
39979719,2025-02-11
39981380,2025-01-20
39982303,2025-01-18
39984766,2025-01-05
39989689,2025-01-11
39990398,2025-01-22
39990742,2025-02-01
39991719,2025-01-15
39993893,2025-01-06
39994091,2025-01-07
39995356,2025-01-24
39995682,2025-01-02
39995797,2025-01-02
39995963,2025-01-02
39997523,2025-02-05
39997962,2025-03-08
39997968,2025-01-19
39998023,2025-04-06
40000300,2025-04-14
40000691,2025-01-02
40000978,2025-01-04
40001040,2025-04-16
40001233,2025-01-16
40001455,2025-02-21
40001674,2025-01-06
40001764,2025-01-08
40004851,2025-01-07
40006191,2025-01-22
40006498,2025-01-08
40006515,2025-01-13
40007483,2025-04-06
40008258,2025-01-15
40008587,2025-01-21
40009956,2025-04-16
40010437,2025-02-10
40011268,2025-01-05
40014131,2025-01-03
40016153,2025-01-17
40016213,2025-01-11
40023738,2025-04-28
40026338,2025-01-03
40026909,2025-01-11
40029866,2025-02-28
40033524,2025-03-07
40033722,2025-01-02
40034006,2025-01-14
40036385,2025-01-09
40036790,2025-02-02
40036845,2025-01-08
40037061,2025-02-07
40037490,2025-01-02
40038854,2025-01-07
40039192,2025-02-17
40039828,2025-03-02
40040037,2025-01-20
40040132,2025-02-01
40043115,2025-01-18
40043749,2025-01-07
40050105,2025-01-10
40051481,2025-01-04
40052188,2025-03-17
40055150,2025-03-25
40055840,2025-01-19
40058854,2025-03-09
40060918,2025-01-07
40061722,2025-01-04
40061992,2025-01-12
40063139,2025-03-28
40064533,2025-01-19
40065033,2025-02-15
40066768,2025-01-16
40067633,2025-01-08
40070017,2025-01-03
40071257,2025-01-27
40072756,2025-03-03
40075050,2025-01-11
40075174,2025-01-29
40075553,2025-03-03
40076236,2025-01-24
40076843,2025-01-12
40079847,2025-02-02
40080538,2025-01-07
40081317,2025-03-31
40082370,2025-01-20
40082639,2025-01-20
40083571,2025-01-07
40083963,2025-01-12
40084742,2025-01-06
40087547,2025-01-06
40088831,2025-01-06
40089473,2025-02-02
40092998,2025-03-24
40093788,2025-02-23
40094197,2025-01-27
40095492,2025-04-24
40095778,2025-01-05
40097299,2025-01-17
40097765,2025-01-11
40099228,2025-02-08
40100047,2025-03-11
40105696,2025-02-03
40107426,2025-01-23
40107527,2025-01-06
40109579,2025-01-17
40110064,2025-04-25
40111806,2025-01-29
40112276,2025-02-08
40112698,2025-01-09
40114071,2025-01-08
40114970,2025-01-23
40115085,2025-04-06
40115716,2025-01-02
40120030,2025-01-16
40120467,2025-02-11
40121250,2025-01-27
40124520,2025-02-07
40125371,2025-01-14
40125650,2025-02-19
40126259,2025-02-02
40126597,2025-02-10
40128871,2025-01-13
40129296,2025-04-13
40129999,2025-01-23
40131164,2025-01-13
40132828,2025-01-28
40134013,2025-04-18
40137332,2025-04-26
40138330,2025-01-10
40139545,2025-01-15
40140000,2025-04-18
40140335,2025-01-12
40141503,2025-04-16
40146071,2025-01-08
40148426,2025-04-26
40150150,2025-02-09
40150681,2025-01-11
40150753,2025-02-19
40151656,2025-02-10
40151955,2025-01-18
40152256,2025-04-09
40153212,2025-01-14
40153733,2025-02-27
40154158,2025-04-27
40154450,2025-01-11
40155032,2025-01-12
40157507,2025-02-11
40158320,2025-04-26
40158540,2025-02-26
40158610,2025-01-09
40158683,2025-01-17
40161159,2025-03-03
40162073,2025-03-23
40162658,2025-01-07
40164959,2025-03-08
40165249,2025-01-03
40166100,2025-01-07
40167614,2025-01-02
40167876,2025-01-29
40168020,2025-03-07
40168540,2025-02-02
40170593,2025-04-26
40170821,2025-01-09
40172498,2025-01-28
40172677,2025-01-30
40173402,2025-01-21
40173449,2025-01-08
40177339,2025-01-18
40178309,2025-01-23
40178884,2025-03-29
40179183,2025-01-28
40181009,2025-01-20
40181556,2025-02-27
40183632,2025-01-08
40184885,2025-04-27
40185046,2025-04-28
40185485,2025-01-03
40186185,2025-01-25
40188931,2025-04-27
40189017,2025-04-27
40189021,2025-01-24
40189341,2025-03-19
40190259,2025-01-04
40191291,2025-01-06
40192388,2025-01-02
40195517,2025-01-02
40199347,2025-01-09
40199773,2025-03-01
40199840,2025-01-17
40202133,2025-04-29
40203417,2025-04-29
40204503,2025-04-29
40206122,2025-01-31
40209222,2025-01-06
40210786,2025-04-30
40211209,2025-01-07
40211380,2025-02-01
40212310,2025-01-03
40212877,2025-01-27
40215486,2025-01-03
40215701,2025-01-14
40219183,2025-01-03
40219799,2025-01-18
40220116,2025-04-30
40220192,2025-01-03
40220717,2025-01-03
40221159,2025-01-19
40221352,2025-04-30
40223341,2025-01-28
40223470,2025-01-03
40223768,2025-04-03
40224238,2025-02-05
40224454,2025-04-30
40224566,2025-01-05
40224736,2025-01-26
40224985,2025-01-18
40225336,2025-04-30
40225955,2025-04-30
40226054,2025-03-05
40226490,2025-03-08
40229031,2025-04-30
40229982,2025-01-09
40231329,2025-01-19
40232787,2025-01-14
40235669,2025-01-20
40236795,2025-01-16
40238315,2025-02-08
40238574,2025-01-15
40241612,2025-01-10
40242060,2025-01-09
40242277,2025-03-13
40245768,2025-01-06
40247291,2025-01-13
40247612,2025-02-20
40247735,2025-02-16
40248932,2025-01-20
40249766,2025-02-21
40250300,2025-02-21
40251264,2025-01-08
40251659,2025-03-12
40252325,2025-01-11
40256032,2025-01-02
40256660,2025-02-24
40257485,2025-02-10
40257770,2025-02-08
40258734,2025-04-28
40259206,2025-01-28
40259698,2025-01-08
40260348,2025-01-16
40262854,2025-04-20
40264910,2025-01-07
40265164,2025-01-09
40265783,2025-01-04
40266848,2025-04-01
40267056,2025-01-02
40267281,2025-01-20
40269047,2025-02-27
40272606,2025-03-16
40272687,2025-01-25
40275377,2025-01-18
40275542,2025-01-03
40275573,2025-01-04
40278249,2025-02-04
40279591,2025-01-06
40282214,2025-03-31
40288722,2025-01-29
40290092,2025-04-11
40291948,2025-04-13
40292197,2025-01-14
40296102,2025-01-18
40296496,2025-01-05
40296562,2025-01-10
40297846,2025-01-07
40298322,2025-03-30
40301234,2025-01-02
40301633,2025-01-02
40301960,2025-01-02
40302888,2025-01-24
40303777,2025-02-21
40304108,2025-01-14
40304461,2025-01-02
40305578,2025-01-19
40306079,2025-01-03
40308124,2025-01-03
40308285,2025-01-08
40309346,2025-01-04
40309434,2025-01-07
40309608,2025-01-04
40310641,2025-01-04
40311938,2025-01-06
40312377,2025-01-05
40313583,2025-01-20
40314001,2025-01-05
40315382,2025-01-06
40315975,2025-01-11
40316067,2025-01-06
40316172,2025-01-06
40317632,2025-01-03
40318963,2025-01-07
40319069,2025-01-07
40320111,2025-01-07
40320486,2025-01-07
40321351,2025-01-08
40322274,2025-01-08
40322711,2025-01-13
40322822,2025-01-15
40323601,2025-01-08
40324243,2025-01-15
40326856,2025-01-10
40328182,2025-01-10
40328342,2025-01-10
40328885,2025-01-10
40329071,2025-01-10
40329238,2025-01-10
40330408,2025-01-09
40331118,2025-01-11
40332278,2025-01-11
40333583,2025-01-16
40333934,2025-01-12
40334141,2025-01-14
40334780,2025-01-12
40336888,2025-01-13
40338993,2025-03-06
40342754,2025-01-15
40342857,2025-01-21
40343751,2025-04-09
40344669,2025-01-20
40345314,2025-01-20
40345607,2025-01-16
40347066,2025-01-16
40347278,2025-01-16
40347769,2025-04-10
40347935,2025-01-21
40348220,2025-01-17
40348266,2025-01-17
40348704,2025-01-17
40350065,2025-01-17
40350542,2025-01-17
40350866,2025-01-23
40351016,2025-01-18
40351299,2025-01-18
40351513,2025-01-18
40351580,2025-01-18
40351826,2025-01-18
40351876,2025-01-18
40353928,2025-01-18
40354772,2025-01-19
40355061,2025-01-19
40356458,2025-01-19
40356466,2025-01-19
40356530,2025-01-19
40356624,2025-01-28
40356965,2025-01-19
40356997,2025-01-19
40358377,2025-01-20
40358675,2025-01-20
40359982,2025-02-28
40360035,2025-01-21
40360405,2025-01-23
40361102,2025-01-21
40362187,2025-01-21
40362537,2025-01-27
40363099,2025-01-22
40363894,2025-01-22
40365177,2025-01-22
40367172,2025-01-23
40367817,2025-01-24
40369636,2025-01-24
40369787,2025-02-04
40369853,2025-01-24
40369877,2025-01-24
40370868,2025-01-25
40371088,2025-01-25
40371758,2025-02-23
40374717,2025-01-29
40378084,2025-01-27
40378435,2025-01-27
40379044,2025-01-28
40379201,2025-01-31
40380432,2025-01-28
40380786,2025-01-29
40380817,2025-01-28
40381045,2025-03-06
40381417,2025-01-29
40381653,2025-01-29
40381882,2025-01-29
40381886,2025-01-29
40381996,2025-01-29
40382177,2025-01-29
40382534,2025-01-29
40383105,2025-02-02
40383444,2025-01-30
40383720,2025-01-30
40384043,2025-01-30
40384979,2025-01-30
40385022,2025-01-30
40385475,2025-01-30
40388232,2025-02-20
40388367,2025-02-02
40392007,2025-02-01
40392944,2025-02-02
40393607,2025-02-02
40394236,2025-02-02
40397153,2025-02-03
40397541,2025-02-04
40398378,2025-02-04
40399704,2025-02-04
40400466,2025-02-04
40400582,2025-02-06
40400890,2025-02-05
40400943,2025-02-05
40401332,2025-02-05
40401637,2025-02-05
40401988,2025-02-05
40402324,2025-02-05
40403129,2025-02-05
40403187,2025-02-05
40403375,2025-02-05
40403384,2025-03-25
40405604,2025-02-06
40406362,2025-02-06
40406765,2025-02-08
40408649,2025-02-07
40410441,2025-02-12
40410445,2025-02-08
40410706,2025-02-08
40413973,2025-02-09
40414323,2025-02-09
40414884,2025-02-09
40416606,2025-02-11
40416855,2025-02-10
40417073,2025-02-10
40417710,2025-01-09
40418183,2025-02-10
40419420,2025-02-14
40419512,2025-02-21
40420292,2025-02-11
40422373,2025-02-11
40422522,2025-02-14
40422536,2025-03-17
40422924,2025-02-12
40423235,2025-02-17
40423735,2025-03-04
40424004,2025-02-12
40425138,2025-02-12
40426094,2025-02-13
40426144,2025-04-09
40426611,2025-02-13
40428363,2025-02-17
40430613,2025-02-15
40431071,2025-02-19
40431081,2025-02-15
40431537,2025-03-08
40431569,2025-02-15
40431644,2025-01-28
40433570,2025-02-15
40434230,2025-02-16
40434662,2025-02-09
40434894,2025-03-24
40435040,2025-02-16
40436440,2025-02-16
40437792,2025-02-17
40438346,2025-02-17
40438531,2025-02-17
40439424,2025-02-18
40440420,2025-02-18
40440533,2025-02-18
40441106,2025-02-18
40441578,2025-02-18
40442252,2025-02-19
40442946,2025-02-19
40443092,2025-02-19
40444251,2025-02-20
40444647,2025-03-02
40444855,2025-02-20
40444962,2025-02-20
40445119,2025-02-28
40447036,2025-02-21
40448042,2025-02-21
40450522,2025-04-28
40450755,2025-02-22
40451217,2025-01-27
40451224,2025-02-22
40451491,2025-02-22
40451526,2025-02-22
40451773,2025-01-08
40452278,2025-02-23
40452498,2025-02-23
40453284,2025-02-23
40453341,2025-03-01
40453476,2025-02-28
40453766,2025-02-23
40454921,2025-02-24
40455388,2025-02-24
40455704,2025-02-24
40456954,2025-02-01
40461971,2025-01-13
40462952,2025-01-06
40464370,2025-01-28
40467689,2025-03-01
40474194,2025-03-01
40475725,2025-03-01
40479321,2025-02-03
40479421,2025-01-08
40480697,2025-04-07
40480903,2025-03-01
40481633,2025-01-04
40482059,2025-03-02
40482687,2025-03-01
40484583,2025-01-05
40487628,2025-03-02
40494209,2025-03-04
40495039,2025-03-02
40497311,2025-02-24
40497371,2025-01-15
40498736,2025-03-21
40502110,2025-03-19
40503573,2025-01-03
40504457,2025-01-30
40505355,2025-03-03
40505481,2025-03-03
40509601,2025-01-29
40509953,2025-03-03
40511297,2025-01-27
40512454,2025-03-04
40513550,2025-03-03
40513802,2025-03-29
40516664,2025-03-04
40516904,2025-03-05
40517208,2025-03-04
40517889,2025-03-04
40518100,2025-03-05
40518303,2025-03-05
40519038,2025-03-05
40530086,2025-04-19
40537967,2025-04-15
40538481,2025-03-05
40540930,2025-01-09
40541364,2025-03-06
40542700,2025-03-10
40543478,2025-03-06
40552482,2025-03-06
40552784,2025-01-24
40553703,2025-03-06
40557797,2025-01-18
40558257,2025-03-06
40558330,2025-03-06
40560599,2025-01-07
40563915,2025-03-07
40564962,2025-01-07
40566064,2025-03-14
40566191,2025-03-23
40570480,2025-03-07
40571399,2025-03-08
40572494,2025-03-20
40574213,2025-03-08
40574786,2025-03-08
40575474,2025-03-12
40575605,2025-03-09
40576971,2025-03-09
40578480,2025-03-21
40578577,2025-03-10
40578962,2025-03-10
40579176,2025-03-10
40579249,2025-03-10
40579277,2025-03-11
40579460,2025-03-10
40579995,2025-03-10
40584408,2025-03-11
40585016,2025-03-11
40590021,2025-03-11
40591600,2025-01-02
40594147,2025-01-06
40594772,2025-04-05
40597709,2025-03-13
40597841,2025-03-13
40598607,2025-03-14
40599658,2025-03-13
40600491,2025-03-14
40600791,2025-03-14
40600965,2025-03-19
40602443,2025-03-14
40602487,2025-03-14
40602707,2025-03-15
40603230,2025-03-15
40603532,2025-03-15
40603982,2025-03-16
40604758,2025-03-15
40605257,2025-03-15
40606589,2025-03-16
40607138,2025-03-16
40608564,2025-04-17
40609175,2025-03-17
40609261,2025-03-18
40612307,2025-03-18
40612784,2025-03-18
40613030,2025-03-18
40613231,2025-03-18
40615946,2025-03-19
40616613,2025-03-20
40616651,2025-03-22
40616676,2025-03-20
40617631,2025-03-20
40617716,2025-03-20
40618149,2025-03-20
40618345,2025-03-22
40619799,2025-03-21
40621884,2025-03-22
40622965,2025-03-27
40624775,2025-03-23
40625632,2025-03-23
40626448,2025-03-23
40627022,2025-03-24
40628654,2025-03-24
40628707,2025-03-24
40630363,2025-03-25
40630470,2025-03-25
40630569,2025-03-25
40631572,2025-04-03
40631642,2025-03-25
40631960,2025-03-27
40632855,2025-03-26
40634219,2025-03-26
40634395,2025-03-26
40634935,2025-03-26
40635208,2025-03-27
40635426,2025-03-27
40635452,2025-03-27
40636006,2025-03-27
40636418,2025-03-27
40637252,2025-03-29
40637455,2025-03-28
40638198,2025-03-28
40638545,2025-03-28
40639103,2025-03-28
41000515,2025-03-30
44004866,2025-01-02
44004867,2025-01-07
49009511,2025-04-08
49010233,2025-01-19
49012316,2025-03-17
51009443,2025-01-02
51013872,2025-01-10
59392179,2025-01-11
60534812,2025-04-27
60587701,2025-01-26
61000092,2025-01-24
61003499,2025-02-07
61004464,2025-02-08
61005275,2025-02-10
61011385,2025-02-22
61011922,2025-02-23
61013162,2025-02-24
61013332,2025-02-24
61013344,2025-02-24
61013433,2025-03-25
61014349,2025-02-25
61015680,2025-02-28
61015977,2025-02-26
61016352,2025-02-26
61017101,2025-02-26
61017485,2025-02-26
61017878,2025-02-26
61018594,2025-02-27
61019112,2025-02-27
61019339,2025-02-27
61020667,2025-02-28
61022010,2025-02-28
